subject,sessionIndex,rep,H.period,DD.period.x,UD.period.x,H.x,DD.x.a,UD.x.a,H.a,DD.a.t,UD.a.t,H.t,DD.t.1,UD.t.1,H.1,DD.1.7,UD.1.7,H.7,DD.7.p,UD.7.p,H.p,DD.p.a,UD.p.a,H.a,DD.a.d,UD.a.d,H.d,DD.d.n,UD.d.n,H.n,DD.n.Return,UD.n.Return,H.Return
arindam,1,1,0.113641023636,0.217427015305,0.103785991669,0.132927894592,0.118571043015,-0.0143568515778,0.138372898102,0.912162065506,0.773789167404,0.119127988815,0.797574996948,0.678447008133,0.10146689415,0.383610010147,0.282143115997,0.0820608139038,0.506403923035,0.424343109131,0.0972628593445,0.10325884819,0.00599598884583,0.0933940410614,0.243005037308,0.149610996246,0.0993020534515,0.219236135483,0.119934082031,0.078281879425,0.668220043182,0.589938163757,0.0888159275055
arindam,1,2,0.103283882141,0.734170913696,0.630887031555,0.138499975204,0.103415966034,-0.0350840091705,0.147980213165,0.696599006653,0.548618793488,0.0823090076447,0.414631128311,0.332322120667,0.092169046402,0.415567874908,0.323398828506,0.0992631912231,0.513497114182,0.414233922958,0.0971488952637,0.0618999004364,-0.0352489948273,0.124536037445,0.21443605423,0.0899000167847,0.119106054306,0.287492990494,0.168386936188,0.0910799503326,0.602777004242,0.511697053909,0.0945270061493
arindam,1,3,0.108417987823,0.241822004318,0.133404016495,0.164494037628,0.104485988617,-0.0600080490112,0.147659063339,0.392816066742,0.245157003403,0.101351976395,0.508926868439,0.407574892044,0.104150056839,0.679858922958,0.575708866119,0.0930562019348,0.472930192947,0.379873991013,0.0978188514709,0.0881679058075,-0.00965094566345,0.133301019669,0.282551050186,0.149250030518,0.103705883026,0.199182033539,0.0954761505127,0.0981159210205,2.58282089233,2.48470497131,0.087170124054
arindam,1,4,0.113388061523,0.241155147552,0.127767086029,0.134218931198,0.109621047974,-0.0245978832245,0.167423963547,0.511320829391,0.343896865845,0.0982542037964,1.10481619835,1.00656199455,0.0930788516998,0.187762975693,0.0946841239929,0.0937600135803,0.532665967941,0.438905954361,0.102412939072,0.0629370212555,-0.0394759178162,0.12915802002,0.24426484108,0.11510682106,0.0981051921844,0.213963985443,0.115858793259,0.0826761722565,0.915475130081,0.832798957825,0.0933589935303
arindam,1,5,0.10724401474,0.203553915024,0.0963099002838,0.122318983078,0.0936000347137,-0.0287189483643,0.12678194046,0.346524953842,0.219743013382,0.0931630134583,0.410998106003,0.317835092545,0.107348918915,0.286438941956,0.179090023041,0.108435869217,0.506814956665,0.398379087448,0.10249209404,0.0415101051331,-0.0609819889069,0.125598907471,0.211580991745,0.0859820842743,0.119639873505,0.207896947861,0.0882570743561,0.0941579341888,0.72384595871,0.629688024521,0.0945830345154
arindam,1,6,0.11722779274,0.163033008575,0.0458052158356,0.157558917999,0.133191823959,-0.0243670940399,0.180093050003,0.461928129196,0.281835079193,0.103193044662,0.529361963272,0.42616891861,0.176774978638,0.480875968933,0.304100990295,0.0991530418396,0.45822095871,0.35906791687,0.1026699543,0.043741941452,-0.0589280128479,0.113122224808,0.189736127853,0.0766139030457,0.106131076813,0.200454950333,0.0943238735199,0.0892300605774,0.367105007172,0.277874946594,0.103158950806
arindam,1,7,0.10169005394,0.172355890274,0.0706658363342,0.143321037292,0.0989871025085,-0.0443339347839,0.13779592514,0.343617916107,0.205821990967,0.0932672023773,0.335952997208,0.24268579483,0.0882852077484,0.360966205597,0.272680997849,0.0936179161072,0.46720790863,0.373589992523,0.0962278842926,0.0517539978027,-0.0444738864899,0.125422954559,0.226083040237,0.100660085678,0.098778963089,0.164595842361,0.0658168792725,0.0877251625061,0.465267181396,0.37754201889,0.0976300239563
arindam,1,8,0.121755123138,0.465957164764,0.344202041626,0.141038894653,0.0784080028534,-0.0626308917999,0.147794008255,0.367250919342,0.219456911087,0.101572990417,0.569204092026,0.467631101608,0.0966768264771,0.246963024139,0.150286197662,0.088164806366,0.561846971512,0.473682165146,0.103662014008,0.0788159370422,-0.0248460769653,0.132615089417,0.307590007782,0.174974918365,0.102984905243,0.35192489624,0.248939990997,0.0938351154327,1.42197918892,1.32814407349,0.098748922348
arindam,1,9,0.103161096573,0.278505086899,0.175343990326,0.126899003983,0.0524311065674,-0.0744678974152,0.149173021317,0.369088888168,0.219915866852,0.106169939041,0.64724612236,0.541076183319,0.104004859924,0.341863870621,0.237859010696,0.0938169956207,0.566661119461,0.47284412384,0.097718000412,0.0871169567108,-0.0106010437012,0.119194984436,0.289356946945,0.170161962509,0.0970320701599,0.327712059021,0.230679988861,0.0926079750061,0.836824893951,0.744216918945,0.0924179553986
arindam,1,10,0.107837915421,0.390993833542,0.283155918121,0.132622003555,0.0626811981201,-0.0699408054352,0.144533872604,0.44718003273,0.302646160126,0.104274988174,1.16938281059,1.06510782242,0.103440999985,0.331145048141,0.227704048157,0.0894250869751,0.495880126953,0.406455039978,0.103746891022,0.0985469818115,-0.00519990921021,0.149066925049,0.23837184906,0.0893049240112,0.115911006927,0.209948062897,0.0940370559692,0.0889298915863,0.652060031891,0.563130140305,0.105053901672
arindam,1,11,0.113452911377,0.228731870651,0.115278959274,0.137377977371,0.0782599449158,-0.0591180324554,0.143087148666,0.373288154602,0.230201005936,0.0987989902496,0.27517580986,0.176376819611,0.0940260887146,0.451855182648,0.357829093933,0.0884988307953,0.531272888184,0.442774057388,0.0982520580292,0.053640127182,-0.0446119308472,0.108191013336,0.209791898727,0.101600885391,0.10809803009,0.21923494339,0.1111369133,0.0935130119324,0.761873960495,0.668360948563,0.0959529876709
arindam,1,12,0.118671178818,0.264166116714,0.145494937897,0.131409883499,0.0490469932556,-0.0823628902435,0.162744998932,0.40739607811,0.244651079178,0.107296943665,0.608034849167,0.500737905502,0.0880191326141,0.306209087372,0.218189954758,0.0987548828125,0.508766889572,0.41001200676,0.108987092972,0.0787229537964,-0.0302641391754,0.128174066544,0.232501029968,0.104326963425,0.102267980576,0.217633008957,0.115365028381,0.103639125824,0.821711063385,0.718071937561,0.0945680141449
arindam,1,13,0.104178190231,0.247982978821,0.143804788589,0.124011993408,0.0643939971924,-0.0596179962158,0.128817081451,0.351628065109,0.222810983658,0.0885100364685,0.539427995682,0.450917959213,0.0935940742493,0.337301015854,0.243706941605,0.0983850955963,0.491492033005,0.393106937408,0.103379011154,0.0488810539246,-0.0544979572296,0.108747959137,0.210137844086,0.101389884949,0.0920231342316,0.201666116714,0.109642982483,0.0936598777771,0.644989967346,0.551330089569,0.0926740169525
arindam,1,14,0.111752986908,0.196972846985,0.0852198600769,0.148020029068,0.0626029968262,-0.0854170322418,0.150583982468,0.426983118057,0.27639913559,0.103355884552,0.906275987625,0.802920103073,0.103448867798,0.287352085114,0.183903217316,0.105141878128,0.481996774673,0.376854896545,0.109173059464,0.0439250469208,-0.0652480125427,0.103595972061,0.208250045776,0.104654073715,0.0989520549774,0.208271980286,0.109319925308,0.0937910079956,0.594390153885,0.500599145889,0.0986499786377
arindam,1,15,0.103433847427,0.158015966415,0.054582118988,0.140319824219,0.0767710208893,-0.0635488033295,0.114619016647,0.354254961014,0.239635944366,0.0761408805847,0.598393917084,0.522253036499,0.0977809429169,0.33683514595,0.239054203033,0.0830137729645,0.464747905731,0.381734132767,0.103466033936,0.0691039562225,-0.034362077713,0.118463993073,0.213310003281,0.0948460102081,0.108496904373,0.227941036224,0.119444131851,0.0938019752502,0.525424003601,0.431622028351,0.08904504776
arindam,1,16,0.119039058685,0.312767028809,0.193727970123,0.0980479717255,0.0391490459442,-0.0588989257812,0.177515983582,0.396968841553,0.219452857971,0.0932059288025,0.49936914444,0.406163215637,0.108453989029,0.31397986412,0.205525875092,0.097608089447,0.489620923996,0.392012834549,0.104017019272,0.0757172107697,-0.0282998085022,0.116995811462,0.241484880447,0.124489068985,0.0848369598389,0.217945098877,0.133108139038,0.0940418243408,0.619766950607,0.525725126266,0.103667974472
arindam,1,17,0.10841012001,0.233193159103,0.124783039093,0.102567911148,0.0495429039001,-0.0530250072479,0.147005081177,0.382925987244,0.235920906067,0.091775894165,0.4686460495,0.376870155334,0.0932939052582,0.272294044495,0.179000139236,0.0887348651886,0.481992959976,0.393258094788,0.108162879944,0.0689280033112,-0.0392348766327,0.123435974121,0.223598957062,0.100162982941,0.113013982773,0.207576036453,0.0945620536804,0.0940959453583,0.66010594368,0.566009998322,0.109157085419
arindam,1,18,0.109596967697,0.175638914108,0.0660419464111,0.150609970093,0.105890035629,-0.0447199344635,0.148210048676,0.317490100861,0.169280052185,0.103547811508,0.222155809402,0.118607997894,0.0890390872955,0.327414989471,0.238375902176,0.0940132141113,0.481558084488,0.387544870377,0.105060100555,0.084892988205,-0.0201671123505,0.118124008179,0.457072019577,0.338948011398,0.0868940353394,0.151796102524,0.0649020671844,0.0893158912659,0.604777812958,0.515461921692,0.265241146088
arindam,1,19,0.11209487915,0.242055892944,0.129961013794,0.144854068756,0.085734128952,-0.0591199398041,0.132462024689,0.380870819092,0.248408794403,0.112424135208,0.186375141144,0.0739510059357,0.0986540317535,0.372087955475,0.273433923721,0.104538917542,0.501657962799,0.397119045258,0.109516143799,0.0490789413452,-0.0604372024536,0.128450155258,0.208410024643,0.0799598693848,0.103248119354,0.183104991913,0.0798568725586,0.078989982605,0.585098028183,0.506108045578,0.0934710502625
arindam,1,20,0.097892999649,0.173184156418,0.0752911567688,0.129295825958,0.064740896225,-0.0645549297333,0.123528957367,0.30725312233,0.183724164963,0.0982840061188,0.172444820404,0.0741608142853,0.103561162949,0.347845077515,0.244283914566,0.0882649421692,0.458121061325,0.369856119156,0.102210044861,0.0676238536835,-0.0345861911774,0.113706111908,0.203606128693,0.0899000167847,0.101948976517,0.198370933533,0.096421957016,0.0951340198517,0.372483968735,0.277349948883,0.0975871086121
arindam,1,21,0.109663009644,0.184325933456,0.0746629238129,0.123899936676,0.0646240711212,-0.0592758655548,0.13312292099,0.292706012726,0.159583091736,0.0986459255219,0.241858959198,0.143213033676,0.0987379550934,0.38720703125,0.288469076157,0.0982480049133,0.481393814087,0.383145809174,0.108865976334,0.064138174057,-0.0447278022766,0.13310790062,0.233891010284,0.100783109665,0.113184928894,0.19704079628,0.0838558673859,0.099053144455,0.447026014328,0.347972869873,0.0979599952698
arindam,1,22,0.0984048843384,0.263469934464,0.165065050125,0.117412090302,0.068058013916,-0.0493540763855,0.133219003677,0.312263011932,0.179044008255,0.0999639034271,0.206228017807,0.10626411438,0.0899760723114,0.289376974106,0.199400901794,0.103023052216,0.486319065094,0.383296012878,0.103530883789,0.0440378189087,-0.0594930648804,0.143195152283,0.193411111832,0.050215959549,0.113408088684,0.203104972839,0.0896968841553,0.0891749858856,0.392543077469,0.303368091583,0.092777967453
arindam,1,23,0.107031106949,0.208076000214,0.101044893265,0.122817993164,0.0671000480652,-0.0557179450989,0.144474983215,0.244513034821,0.100038051605,0.0978879928589,0.207174062729,0.10928606987,0.108769893646,0.351696968079,0.242927074432,0.0935170650482,0.471843957901,0.378326892853,0.0981450080872,0.0789000988007,-0.0192449092865,0.133296966553,0.183562994003,0.0502660274506,0.123301029205,0.232830047607,0.109529018402,0.0896968841553,0.401256799698,0.311559915543,0.0987641811371
arindam,1,24,0.0999021530151,0.165355205536,0.0654530525208,0.147666931152,0.0984728336334,-0.0491940975189,0.16192817688,0.270811080933,0.108882904053,0.088730096817,0.192943096161,0.104212999344,0.105642795563,0.341518878937,0.235876083374,0.0834949016571,0.402393102646,0.318898200989,0.10321688652,0.0740540027618,-0.0291628837585,0.123257875443,0.18852186203,0.0652639865875,0.114364147186,0.188593149185,0.0742290019989,0.0932929515839,0.401307821274,0.30801486969,0.103480100632
arindam,1,25,0.108252048492,0.331899881363,0.22364783287,0.129287958145,0.0694229602814,-0.0598649978638,0.185869216919,0.282898187637,0.0970289707184,0.0941300392151,0.252398967743,0.158268928528,0.0879309177399,0.273442029953,0.185511112213,0.0924859046936,0.520531892776,0.428045988083,0.102743148804,0.0832920074463,-0.0194511413574,0.138498067856,0.208151102066,0.0696530342102,0.118220806122,0.30718588829,0.188965082169,0.0938191413879,0.619900941849,0.526081800461,0.0985510349274
arindam,2,1,0.123585939407,0.163542985916,0.0399570465088,0.0995979309082,0.040020942688,-0.0595769882202,0.158472061157,0.456917047501,0.298444986343,0.108021974564,0.236040115356,0.128018140793,0.0938808917999,0.297566890717,0.203685998917,0.0937299728394,0.493477106094,0.399747133255,0.0967638492584,0.111776828766,0.0150129795074,0.0937390327454,0.248180150986,0.15444111824,0.0934729576111,0.203006982803,0.109534025192,0.0790989398956,0.46639585495,0.387296915054,0.10373711586
arindam,2,2,0.11225605011,0.282210111618,0.169954061508,0.108325958252,0.049085855484,-0.0592401027679,0.15523314476,0.322474002838,0.167240858078,0.117920160294,0.246738195419,0.128818035126,0.0940279960632,0.292734861374,0.198706865311,0.0984649658203,0.476696014404,0.378231048584,0.108392000198,0.12357711792,0.0151851177216,0.148649930954,0.223114967346,0.0744650363922,0.118506908417,0.225201845169,0.106694936752,0.0915632247925,0.687112092972,0.595548868179,0.0985500812531
arindam,2,3,0.0803229808807,0.259140014648,0.178817033768,0.129637002945,0.0692508220673,-0.0603861808777,0.153541088104,0.243619203568,0.0900781154633,0.109177827835,0.238370895386,0.129193067551,0.0954949855804,0.273492097855,0.177997112274,0.0937049388885,0.489598989487,0.395894050598,0.0937278270721,0.0739948749542,-0.0197329521179,0.138232946396,0.218316078186,0.0800831317902,0.103667020798,0.217988014221,0.114320993423,0.0942409038544,0.659540891647,0.565299987793,0.098876953125
arindam,2,4,0.113517999649,0.282105922699,0.16858792305,0.105585098267,0.0396821498871,-0.0659029483795,0.18034696579,0.295112848282,0.114765882492,0.0995230674744,0.241102933884,0.141579866409,0.0932221412659,0.296240091324,0.203017950058,0.0931739807129,0.50084900856,0.407675027847,0.0988800525665,0.138387918472,0.0395078659058,0.158721208572,0.531136989594,0.372415781021,0.0933380126953,0.252351999283,0.159013986588,0.104196071625,0.659546136856,0.555350065231,0.103601932526
arindam,2,5,0.108319997787,0.306987047195,0.198667049408,0.113929986954,0.0542430877686,-0.0596868991852,0.147806882858,0.233783006668,0.0859761238098,0.0979778766632,0.25656580925,0.158587932587,0.0887060165405,0.332347154617,0.243641138077,0.0982308387756,0.49872303009,0.400492191315,0.102396965027,0.0712308883667,-0.0311660766602,0.128797054291,0.233155965805,0.104358911514,0.108355045319,0.234256982803,0.125901937485,0.0928890705109,0.811787128448,0.718898057938,0.114861011505
arindam,2,6,0.0987980365753,0.248117923737,0.149319887161,0.123490095139,0.0545220375061,-0.0689680576324,0.162821054459,0.242841959,0.080020904541,0.099002122879,0.276932001114,0.177929878235,0.113788127899,0.278252124786,0.164463996887,0.0891709327698,0.524462938309,0.435292005539,0.106851100922,0.0832579135895,-0.0235931873322,0.123195171356,0.24942111969,0.126225948334,0.101858854294,0.189791917801,0.0879330635071,0.0882480144501,0.728136062622,0.639888048172,0.103635072708
arindam,2,7,0.114058971405,0.305145978928,0.191087007523,0.126172065735,0.061842918396,-0.0643291473389,0.158092021942,0.267951011658,0.109858989716,0.108569145203,0.222085952759,0.113516807556,0.103740215302,0.313184022903,0.209443807602,0.0979490280151,0.517553091049,0.419604063034,0.11181306839,0.0428829193115,-0.0689301490784,0.138141155243,0.2873711586,0.149230003357,0.163183927536,0.25803899765,0.0948550701141,0.0952138900757,1.15006303787,1.0548491478,0.108362913132
arindam,2,8,0.115247964859,0.307862997055,0.192615032196,0.120242118835,0.0509700775146,-0.0692720413208,0.156018018723,0.317466020584,0.161448001862,0.0963590145111,0.333734035492,0.237375020981,0.0845239162445,0.253013849258,0.168489933014,0.09383893013,0.492095947266,0.398257017136,0.119227170944,0.0835621356964,-0.0356650352478,0.13337802887,0.248023986816,0.114645957947,0.113761901855,0.223111867905,0.109349966049,0.0987460613251,0.867592096329,0.768846035004,0.104681015015
arindam,2,9,0.108735799789,0.318578004837,0.209842205048,0.107185840607,0.0253648757935,-0.0818209648132,0.165179014206,0.304318904877,0.139139890671,0.104404211044,0.554591178894,0.45018696785,0.0887889862061,0.203464984894,0.114675998688,0.0934829711914,0.476938009262,0.383455038071,0.108526945114,0.123697042465,0.0151700973511,0.148155927658,0.2725918293,0.124435901642,0.0888259410858,0.198603153229,0.109777212143,0.0896108150482,0.655503988266,0.565893173218,0.114959001541
arindam,2,10,0.108566999435,0.317148923874,0.208581924438,0.0993859767914,0.0441989898682,-0.0551869869232,0.158873081207,0.308867931366,0.149994850159,0.087030172348,0.237158060074,0.150127887726,0.0877311229706,0.331784963608,0.244053840637,0.0991179943085,0.535771131516,0.436653137207,0.113849878311,0.118007898331,0.00415802001953,0.143468141556,0.223582983017,0.0801148414612,0.123589992523,0.262758016586,0.139168024063,0.0987911224365,0.807979106903,0.709187984467,0.0935490131378
arindam,2,11,0.102753162384,0.262698173523,0.159945011139,0.114024877548,0.0485439300537,-0.0654809474945,0.154253959656,0.243587017059,0.0893330574036,0.113882064819,0.271409988403,0.157527923584,0.0929269790649,0.311394929886,0.218467950821,0.0926599502563,0.51299405098,0.420334100723,0.102341890335,0.0833320617676,-0.0190098285675,0.151681900024,0.224093914032,0.0724120140076,0.112692117691,0.258830070496,0.146137952805,0.0978848934174,0.728921890259,0.631036996841,0.101204156876
arindam,2,12,0.121253013611,0.156986951828,0.0357339382172,0.111951112747,0.0590989589691,-0.0528521537781,0.157123088837,0.26309800148,0.105974912643,0.102682113647,0.232023000717,0.12934088707,0.0964350700378,0.265156030655,0.168720960617,0.0940411090851,0.552407979965,0.45836687088,0.107500076294,0.0392241477966,-0.0682759284973,0.170749902725,0.259881019592,0.0891311168671,0.111129999161,0.27287197113,0.16174197197,0.100198984146,0.802794933319,0.702595949173,0.0921950340271
arindam,2,13,0.0963840484619,0.202991962433,0.106607913971,0.143947124481,0.09450507164,-0.0494420528412,0.132857084274,0.204298019409,0.0714409351349,0.0978200435638,0.205508947372,0.107688903809,0.0971260070801,0.272616147995,0.175490140915,0.0938618183136,0.463225841522,0.369364023209,0.0981960296631,0.107820987701,0.00962495803833,0.132766008377,0.20858001709,0.0758140087128,0.0987260341644,0.169142007828,0.0704159736633,0.0928950309753,0.328346014023,0.235450983047,0.104110956192
arindam,2,14,0.108777046204,0.17019701004,0.0614199638367,0.12716293335,0.0779950618744,-0.0491678714752,0.141588926315,0.342719078064,0.201130151749,0.103922843933,0.255544900894,0.151622056961,0.094908952713,0.305804014206,0.210895061493,0.115335941315,1.11711192131,1.00177598,0.105960130692,0.10039806366,-0.00556206703186,0.0966420173645,0.250513076782,0.153871059418,0.0952579975128,0.211488962173,0.116230964661,0.0981450080872,0.591135025024,0.492990016937,0.0972249507904
arindam,2,15,0.100227117538,0.222757101059,0.122529983521,0.119338989258,0.0549259185791,-0.0644130706787,0.138288974762,0.22767496109,0.0893859863281,0.102953195572,0.226853132248,0.123899936676,0.093738079071,0.36620092392,0.272462844849,0.0895709991455,0.489156961441,0.399585962296,0.108779191971,0.103618144989,-0.00516104698181,0.0993249416351,0.278908014297,0.179583072662,0.115344047546,0.251356840134,0.136012792587,0.103270053864,0.561496019363,0.4582259655,0.0993821620941
arindam,2,16,0.120797872543,0.28181385994,0.161015987396,0.144317150116,0.0841190814972,-0.0601980686188,0.133254051208,0.220897912979,0.0876438617706,0.0969099998474,0.21013712883,0.113227128983,0.0989689826965,0.296798944473,0.197829961777,0.0886569023132,0.513205051422,0.424548149109,0.107354879379,0.102617025375,-0.00473785400391,0.142663002014,0.193909883499,0.051246881485,0.108115911484,0.23744392395,0.129328012466,0.0991530418396,0.67353105545,0.574378013611,0.0983350276947
arindam,2,17,0.10129904747,0.306871175766,0.205572128296,0.133587837219,0.0637459754944,-0.0698418617249,0.147317886353,0.242483854294,0.0951659679413,0.103686094284,0.211292982101,0.107606887817,0.0940651893616,0.347751140594,0.253685951233,0.0933880805969,0.507725000381,0.414336919785,0.103285074234,0.112962961197,0.00967788696289,0.133198022842,0.234047889709,0.100849866867,0.116644144058,0.237454175949,0.120810031891,0.0936899185181,0.678606987,0.584917068481,0.10653090477
arindam,2,18,0.102308034897,0.22794508934,0.125637054443,0.138446092606,0.0892100334167,-0.0492360591888,0.132879972458,0.276916027069,0.144036054611,0.110460042953,0.227208852768,0.116748809814,0.0930731296539,0.268489122391,0.175415992737,0.103121042252,0.526191949844,0.423070907593,0.105193138123,0.108329057693,0.00313591957092,0.149343967438,0.189347028732,0.0400030612946,0.138166904449,0.257462978363,0.119296073914,0.0935039520264,0.7088098526,0.615305900574,0.102623224258
arindam,2,19,0.103295087814,0.506979227066,0.403684139252,0.142035961151,0.0585238933563,-0.0835120677948,0.151742935181,0.436275005341,0.28453207016,0.103669881821,0.32603096962,0.222361087799,0.0931680202484,0.297399044037,0.204231023788,0.0918538570404,0.46287894249,0.371025085449,0.106959104538,0.0635499954224,-0.0434091091156,0.172310113907,0.307168960571,0.134858846664,0.104155063629,0.247200012207,0.143044948578,0.0942780971527,0.644760131836,0.550482034683,0.098876953125
arindam,2,20,0.108388900757,0.233469963074,0.125081062317,0.126888990402,0.0637080669403,-0.0631809234619,0.138373851776,0.277073860168,0.138700008392,0.108627080917,0.232348918915,0.123721837997,0.0733981132507,0.276866197586,0.203468084335,0.0886960029602,0.586853027344,0.498157024384,0.102522850037,0.0926117897034,-0.00991106033325,0.134376049042,0.21479010582,0.080414056778,0.112906932831,0.248780965805,0.135874032974,0.100645065308,0.811330080032,0.710685014725,0.10381102562
arindam,2,21,0.10443687439,0.204568862915,0.100131988525,0.160876989365,0.0932331085205,-0.0676438808441,0.133152008057,0.203108072281,0.0699560642242,0.109349012375,0.181789875031,0.0724408626556,0.114844083786,0.308022022247,0.193177938461,0.0879950523376,0.431327104568,0.343332052231,0.0941188335419,0.0799038410187,-0.0142149925232,0.133188962936,0.179111003876,0.0459220409393,0.123536109924,0.262272119522,0.138736009598,0.0934638977051,0.543382883072,0.449918985367,0.101341962814
arindam,2,22,0.108144044876,0.224028110504,0.115884065628,0.148423910141,0.0840528011322,-0.0643711090088,0.157535076141,0.222263097763,0.0647280216217,0.109992980957,0.231906890869,0.121913909912,0.0942511558533,0.303161144257,0.208909988403,0.0775158405304,0.773787975311,0.696272134781,0.1046230793,0.0996310710907,-0.00499200820923,0.15770983696,0.346859931946,0.189150094986,0.0935130119324,0.257649898529,0.164136886597,0.0893089771271,0.506245136261,0.416936159134,0.102741003036
arindam,2,23,0.108322143555,0.143660068512,0.0353379249573,0.144055128098,0.0836780071259,-0.0603771209717,0.133114099503,0.402985095978,0.269870996475,0.136021852493,0.246147871017,0.110126018524,0.0933740139008,0.461354970932,0.367980957031,0.102651119232,0.447617053986,0.344965934753,0.112247943878,0.0928840637207,-0.0193638801575,0.148491859436,0.20058298111,0.0520911216736,0.131762981415,0.275760889053,0.143997907639,0.0992290973663,0.651977062225,0.552747964859,0.104264974594
arindam,2,24,0.101166009903,0.304883003235,0.203716993332,0.128898143768,0.0695421695709,-0.0593559741974,0.1324198246,0.193426847458,0.0610070228577,0.108394145966,0.275516986847,0.167122840881,0.0846130847931,0.258759975433,0.17414689064,0.098473072052,0.55683016777,0.458357095718,0.103066921234,0.107451915741,0.00438499450684,0.139302015305,0.25291800499,0.113615989685,0.0990290641785,0.318022966385,0.218993902206,0.0888910293579,0.625313997269,0.536422967911,0.107909917831
arindam,2,25,0.0977129936218,0.318582057953,0.220869064331,0.107806921005,0.0479691028595,-0.0598378181458,0.140236854553,0.239861965179,0.0996251106262,0.107578039169,0.250577926636,0.142999887466,0.0929861068726,0.272655963898,0.179669857025,0.0994191169739,0.513211965561,0.413792848587,0.101494073868,0.0888130664825,-0.0126810073853,0.147157907486,0.236890077591,0.089732170105,0.112680912018,0.218106985092,0.105426073074,0.0883939266205,1.16126894951,1.07287502289,0.0923159122467
arindam,3,1,0.105935811996,0.277110815048,0.171175003052,0.0920641422272,0.033164024353,-0.0589001178741,0.14776802063,0.277549028397,0.129781007767,0.0892269611359,0.316035985947,0.226809024811,0.0782849788666,0.339936971664,0.261651992798,0.0998041629791,0.507595062256,0.407790899277,0.111959934235,0.0738520622253,-0.0381078720093,0.142129898071,0.196573972702,0.0544440746307,0.116631984711,0.32595205307,0.209320068359,0.0936930179596,0.813509941101,0.719816923141,0.11350607872
arindam,3,2,0.101871013641,0.189481973648,0.0876109600067,0.141304016113,0.0869610309601,-0.0543429851532,0.142343997955,0.233640193939,0.0912961959839,0.0977149009705,0.245643854141,0.147928953171,0.102653026581,0.25797700882,0.155323982239,0.0888350009918,0.439285039902,0.35045003891,0.108594894409,0.0378570556641,-0.0707378387451,0.148701906204,0.198236942291,0.049535036087,0.112753868103,0.203947067261,0.0911931991577,0.0926558971405,0.420481920242,0.327826023102,0.0884799957275
arindam,3,3,0.110321044922,0.283920049667,0.173599004745,0.0932381153107,0.0476069450378,-0.0456311702728,0.143851995468,0.239624023438,0.0957720279694,0.0980920791626,0.25745511055,0.159363031387,0.0874798297882,0.42530798912,0.337828159332,0.0938868522644,0.491832017899,0.397945165634,0.0979850292206,0.104192972183,0.00620794296265,0.127045869827,0.232909917831,0.105864048004,0.108418941498,0.293625116348,0.18520617485,0.090292930603,0.485954999924,0.395662069321,0.0923838615417
arindam,3,4,0.103057861328,0.26408290863,0.161025047302,0.156593084335,0.0830790996552,-0.0735139846802,0.138058900833,0.195046901703,0.0569880008698,0.0985589027405,0.338584899902,0.240025997162,0.0938410758972,0.252758979797,0.1589179039,0.0869710445404,0.448092222214,0.361121177673,0.102043867111,0.083016872406,-0.0190269947052,0.143795967102,0.198861122131,0.0550651550293,0.109377861023,0.209005832672,0.0996279716492,0.0872030258179,0.4500041008,0.362801074982,0.10989689827
arindam,3,5,0.0970180034637,0.196120023727,0.0991020202637,0.14425110817,0.0791149139404,-0.0651361942291,0.148713111877,0.205286026001,0.0565729141235,0.102161169052,0.325171947479,0.223010778427,0.0980951786041,0.227498054504,0.1294028759,0.0944149494171,0.487255096436,0.392840147018,0.0935728549957,0.123888969421,0.0303161144257,0.133125066757,0.18790602684,0.054780960083,0.0937569141388,0.203384876251,0.109627962112,0.0933201313019,0.595373153687,0.502053022385,0.0927119255066
arindam,3,6,0.104309082031,0.261814117432,0.1575050354,0.113328933716,0.0395369529724,-0.0737919807434,0.153090000153,0.279357910156,0.126267910004,0.0969381332397,0.258548021317,0.161609888077,0.110021114349,0.274960041046,0.164938926697,0.0904901027679,0.566630125046,0.476140022278,0.0925929546356,0.0632009506226,-0.0293920040131,0.132089853287,0.207921981812,0.0758321285248,0.103674888611,0.149308919907,0.0456340312958,0.0881979465485,0.396400928497,0.308202981949,0.0928530693054
arindam,3,7,0.10647892952,0.32622385025,0.219744920731,0.129055023193,0.0682971477509,-0.0607578754425,0.133702039719,0.205337047577,0.0716350078583,0.101684808731,0.319845914841,0.21816110611,0.0985190868378,0.222790956497,0.124271869659,0.0782430171967,0.47767496109,0.399431943893,0.102495193481,0.0745670795441,-0.0279281139374,0.142003059387,0.207963943481,0.0659608840942,0.102344989777,0.217581033707,0.11523604393,0.0858869552612,0.412904977798,0.327018022537,0.101904153824
arindam,3,8,0.102195978165,0.367316961288,0.265120983124,0.141466140747,0.0730991363525,-0.0683670043945,0.143836975098,0.225328922272,0.0814919471741,0.106069087982,0.29264497757,0.186575889587,0.100483894348,0.507853984833,0.407370090485,0.087574005127,0.511806964874,0.424232959747,0.108016014099,0.143015146255,0.0349991321564,0.127068996429,0.21290397644,0.085834980011,0.103143930435,0.189368009567,0.0862240791321,0.0877509117126,0.411393880844,0.323642969131,0.102954149246
arindam,3,9,0.114142894745,0.277001857758,0.162858963013,0.137298107147,0.0733709335327,-0.0639271736145,0.148478984833,0.214620113373,0.06614112854,0.108195066452,0.345589876175,0.237394809723,0.0927610397339,0.291820049286,0.199059009552,0.103945970535,0.513292074203,0.409346103668,0.107592105865,0.0740308761597,-0.0335612297058,0.136882066727,0.179992198944,0.0431101322174,0.115839958191,0.245172023773,0.129332065582,0.113394975662,0.50123000145,0.387835025787,0.106906890869
arindam,3,10,0.109142780304,0.277114868164,0.16797208786,0.123944997787,0.0435380935669,-0.0804069042206,0.158414840698,0.2403819561,0.0819671154022,0.107861042023,0.255266904831,0.147405862808,0.0938351154327,0.322535037994,0.228699922562,0.0881769657135,0.492588043213,0.404411077499,0.107469081879,0.0986790657043,-0.00879001617432,0.178208827972,0.188279867172,0.0100710391998,0.123655080795,0.23800611496,0.114351034164,0.0932178497314,0.406842947006,0.313625097275,0.107839107513
arindam,3,11,0.107125043869,0.251659154892,0.144534111023,0.127883911133,0.0703730583191,-0.0575108528137,0.12810087204,0.223701953888,0.0956010818481,0.106683969498,0.294307947159,0.187623977661,0.0921740531921,0.243930101395,0.151756048203,0.0923128128052,0.679328918457,0.587016105652,0.103021860123,0.133286952972,0.0302650928497,0.123960018158,0.272779941559,0.148819923401,0.0984649658203,0.230200052261,0.131735086441,0.0937979221344,0.474445104599,0.380647182465,0.103579998016
arindam,3,12,0.106564998627,0.267019987106,0.16045498848,0.127614974976,0.0739119052887,-0.0537030696869,0.0779130458832,1.0113401413,0.933427095413,0.089742898941,0.380811929703,0.291069030762,0.0801239013672,0.515407085419,0.435283184052,0.103631973267,0.523340940475,0.419708967209,0.10197687149,0.152173042297,0.0501961708069,0.0993208885193,0.247943878174,0.148622989655,0.0732159614563,0.153438091278,0.0802221298218,0.0887160301208,0.378228902817,0.289512872696,0.107026100159
arindam,3,13,0.0991039276123,0.313087940216,0.213984012604,0.147433042526,0.0735940933228,-0.0738389492035,0.163467884064,0.253212928772,0.0897450447083,0.108826160431,0.286509037018,0.177682876587,0.0974581241608,0.321392059326,0.223933935165,0.0943238735199,0.538835048676,0.444511175156,0.104465961456,0.0639209747314,-0.0405449867249,0.146452903748,0.227465867996,0.0810129642487,0.113243103027,0.272559165955,0.159316062927,0.0935049057007,0.485780000687,0.392275094986,0.102880954742
arindam,3,14,0.0941030979156,0.282040119171,0.187937021255,0.172935009003,0.0790750980377,-0.093859910965,0.187644958496,0.238790988922,0.051146030426,0.103386878967,0.256675004959,0.153288125992,0.0974278450012,0.395914793015,0.298486948013,0.0996451377869,0.47737622261,0.377731084824,0.0978109836578,0.0735478401184,-0.0242631435394,0.11438703537,0.238925933838,0.124538898468,0.102692127228,0.187149047852,0.0844569206238,0.0850450992584,0.393527030945,0.308481931686,0.0982580184937
arindam,3,15,0.0981080532074,0.263030052185,0.164921998978,0.162817955017,0.0859689712524,-0.0768489837646,0.165727853775,0.24111700058,0.0753891468048,0.103181838989,0.226171016693,0.122989177704,0.0892457962036,0.303102970123,0.21385717392,0.0883648395538,0.467978954315,0.379614114761,0.0988268852234,0.0628318786621,-0.0359950065613,0.14387512207,0.213235139847,0.0693600177765,0.0992839336395,0.238565921783,0.139281988144,0.123072147369,0.39195895195,0.268886804581,0.0976371765137
arindam,3,16,0.0932359695435,0.337969779968,0.244733810425,0.212217092514,0.223934173584,0.0117170810699,0.121083974838,0.261520862579,0.140436887741,0.0885751247406,0.676608085632,0.588032960892,0.0610749721527,0.258719921112,0.197644948959,0.0977830886841,0.933280944824,0.83549785614,0.104243040085,0.113241195679,0.00899815559387,0.1187479496,0.392270803452,0.273522853851,0.0927021503448,0.168588161469,0.0758860111237,0.0877568721771,0.649603843689,0.561846971512,0.0973520278931
arindam,3,17,0.0973658561707,0.58060503006,0.483239173889,0.19553399086,0.14781498909,-0.04771900177,0.145802021027,0.192137002945,0.0463349819183,0.0986258983612,0.345491886139,0.246865987778,0.124222040176,0.307549953461,0.183327913284,0.0939300060272,0.562427043915,0.468497037888,0.162154912949,0.208253145218,0.0460982322693,0.117915868759,0.230503797531,0.112587928772,0.100386142731,0.27848315239,0.178097009659,0.0918788909912,0.508678913116,0.416800022125,0.104425907135
arindam,3,18,0.105513095856,0.301753044128,0.196239948273,0.1307721138,0.0783951282501,-0.0523769855499,0.11820101738,0.28228187561,0.164080858231,0.100176095963,0.317322969437,0.217146873474,0.0874161720276,0.310600042343,0.223183870316,0.0998239517212,0.513359069824,0.413535118103,0.10945892334,0.104230880737,-0.00522804260254,0.10708117485,0.31592798233,0.20884680748,0.0931260585785,0.297856092453,0.204730033875,0.0833039283752,0.431879043579,0.348575115204,0.102814912796
arindam,3,19,0.105809926987,0.224165916443,0.118355989456,0.156636953354,0.0969259738922,-0.0597109794617,0.144587993622,0.410084009171,0.265496015549,0.135710954666,0.254202127457,0.118491172791,0.0886108875275,0.302431821823,0.213820934296,0.104230165482,0.472930192947,0.368700027466,0.114346027374,0.108543872833,-0.00580215454102,0.116603136063,0.262042045593,0.145438909531,0.10347700119,0.233908891678,0.130431890488,0.0827221870422,0.440263032913,0.357540845871,0.0879890918732
arindam,3,20,0.110183000565,0.216861009598,0.106678009033,0.173391103745,0.124643087387,-0.0487480163574,0.152360916138,0.223216056824,0.070855140686,0.108508825302,0.310194969177,0.201686143875,0.0989239215851,0.238373994827,0.139450073242,0.0931830406189,0.536867856979,0.44368481636,0.0978531837463,0.0885851383209,-0.00926804542542,0.1150598526,0.263324022293,0.148264169693,0.0935888290405,0.198626041412,0.105037212372,0.0904498100281,0.75741481781,0.666965007782,0.0927841663361
arindam,3,21,0.107618093491,0.233100891113,0.125482797623,0.148052215576,0.0849571228027,-0.0630950927734,0.162685871124,0.360861063004,0.198175191879,0.104980945587,0.236330032349,0.131349086761,0.0846629142761,0.288190841675,0.203527927399,0.0940909385681,0.522333145142,0.428242206573,0.11470580101,0.088476896286,-0.0262289047241,0.137448072433,0.248585939407,0.111137866974,0.112195968628,0.25824213028,0.146046161652,0.0932250022888,0.677776813507,0.584551811218,0.104411125183
arindam,3,22,0.11341714859,0.285974979401,0.172557830811,0.119107961655,0.0552151203156,-0.0638928413391,0.159711837769,0.278741836548,0.119029998779,0.105391025543,0.270290136337,0.164899110794,0.103848934174,0.274070978165,0.170222043991,0.0967769622803,0.501171112061,0.40439414978,0.112687826157,0.0489068031311,-0.0637810230255,0.138002157211,0.243758201599,0.105756044388,0.112362861633,0.227095842361,0.114732980728,0.113274097443,0.665027141571,0.551753044128,0.0971138477325
arindam,3,23,0.110356092453,0.209388017654,0.0990319252014,0.153743982315,0.0932040214539,-0.0605399608612,0.139338970184,0.255218029022,0.115879058838,0.10214304924,0.265475988388,0.163332939148,0.107823133469,0.252362966537,0.144539833069,0.0931389331818,0.507173061371,0.414034128189,0.102725982666,0.058445930481,-0.0442800521851,0.128640174866,0.248268127441,0.119627952576,0.0982999801636,0.20942401886,0.111124038696,0.0990629196167,0.702414989471,0.603352069855,0.0992429256439
arindam,3,24,0.102964162827,0.251888990402,0.148924827576,0.134265184402,0.0709071159363,-0.0633580684662,0.151250839233,0.261621952057,0.110371112823,0.0985240936279,0.276463985443,0.177939891815,0.094309091568,0.214534044266,0.120224952698,0.0870668888092,0.481085062027,0.394018173218,0.10306596756,0.0694658756256,-0.0336000919342,0.129956007004,0.237904071808,0.107948064804,0.0986289978027,0.468623876572,0.369994878769,0.0857172012329,0.606888055801,0.521170854568,0.112659931183
arindam,3,25,0.103091001511,0.242182016373,0.139091014862,0.100708961487,0.0359079837799,-0.0648009777069,0.140254020691,0.316243886948,0.175989866257,0.108902931213,0.275834083557,0.166931152344,0.0929338932037,0.348213911057,0.255280017853,0.101117134094,0.536550998688,0.435433864594,0.1127409935,0.0833129882812,-0.0294280052185,0.122236967087,0.232943058014,0.110706090927,0.108648061752,0.227082967758,0.118434906006,0.0870199203491,0.763849973679,0.676830053329,0.0977990627289
arindam,4,1,0.113174200058,0.395973205566,0.282799005508,0.0883259773254,0.0387938022614,-0.0495321750641,0.152894973755,0.244044065475,0.0911490917206,0.104612112045,0.346273899078,0.241661787033,0.10274720192,0.242173194885,0.139425992966,0.0934338569641,0.725886821747,0.632452964783,0.102444171906,0.0590782165527,-0.0433659553528,0.132808923721,0.233353853226,0.100544929504,0.105380058289,0.26464509964,0.159265041351,0.0815238952637,0.796623945236,0.715100049973,0.09685587883
arindam,4,2,0.106081962585,0.29477596283,0.188694000244,0.124097108841,0.0494251251221,-0.0746719837189,0.142895936966,0.256963968277,0.114068031311,0.0944018363953,0.584491014481,0.490089178085,0.108485937119,0.173421859741,0.0649359226227,0.0873899459839,0.538738012314,0.45134806633,0.101592063904,0.0867519378662,-0.0148401260376,0.0836071968079,0.237754106522,0.154146909714,0.098916053772,0.21360206604,0.114686012268,0.0936329364777,0.678426980972,0.584794044495,0.0934438705444
arindam,4,3,0.116147994995,0.350883960724,0.234735965729,0.119050979614,0.0373709201813,-0.081680059433,0.166686058044,0.552377939224,0.38569188118,0.0774791240692,1.07401108742,0.996531963348,0.0833880901337,0.158485889435,0.0750977993011,0.093456029892,0.438822031021,0.345366001129,0.103796005249,0.108376026154,0.00458002090454,0.132415056229,0.231027126312,0.0986120700836,0.104465007782,0.229028940201,0.124563932419,0.0890128612518,0.699125051498,0.610112190247,0.0935428142548
arindam,4,4,0.0878579616547,0.236086845398,0.148228883743,0.10841012001,0.0546751022339,-0.0537350177765,0.14683008194,0.312955856323,0.166125774384,0.109033107758,0.220056056976,0.111022949219,0.0902581214905,0.248487949371,0.158229827881,0.0786101818085,0.512067079544,0.433456897736,0.0980460643768,0.0593421459198,-0.038703918457,0.127730846405,0.203107833862,0.0753769874573,0.108094930649,0.232826948166,0.124732017517,0.103281021118,0.564920186996,0.461639165878,0.104930877686
arindam,4,5,0.103631973267,0.297179937363,0.193547964096,0.0530309677124,0.00437712669373,-0.0486538410187,0.162324905396,0.465075016022,0.302750110626,0.0934679508209,0.71884393692,0.625375986099,0.0922830104828,0.182102918625,0.0898199081421,0.0988969802856,0.597392082214,0.498495101929,0.106970071793,0.0774669647217,-0.0295031070709,0.133548974991,0.183866024017,0.0503170490265,0.123950958252,0.342417001724,0.218466043472,0.107938051224,0.566226005554,0.45828795433,0.0915169715881
arindam,4,6,0.106386184692,0.211027145386,0.104640960693,0.133739948273,0.0684490203857,-0.065290927887,0.140040874481,0.224537849426,0.0844969749451,0.102917194366,0.364897012711,0.261979818344,0.0992360115051,0.203309059143,0.104073047638,0.108107089996,0.735706090927,0.627599000931,0.107476949692,0.0779218673706,-0.0295550823212,0.133852958679,0.19623708725,0.0623841285706,0.101454019547,0.23614692688,0.134692907333,0.103295087814,0.698023080826,0.594727993011,0.0989098548889
arindam,4,7,0.105593919754,0.197820901871,0.0922269821167,0.129949092865,0.0562920570374,-0.0736570358276,0.14345407486,0.254622936249,0.111168861389,0.111858129501,0.18666100502,0.0748028755188,0.107909202576,0.281627178192,0.173717975616,0.0933649539948,0.502676963806,0.409312009811,0.10640501976,0.0579538345337,-0.0484511852264,0.1192882061,0.223773002625,0.104484796524,0.0984690189362,0.239136219025,0.140667200089,0.0877819061279,0.702420949936,0.614639043808,0.103812932968
arindam,4,8,0.112406015396,0.163397073746,0.0509910583496,0.142770051956,0.0678250789642,-0.0749449729919,0.16698384285,0.292870044708,0.125886201859,0.0826768875122,0.391410827637,0.308733940125,0.0976619720459,0.202573060989,0.104911088943,0.089282989502,0.858563899994,0.769280910492,0.093994140625,0.128345012665,0.0343508720398,0.154774188995,0.335003137589,0.180228948593,0.106827974319,0.514590024948,0.407762050629,0.0826439857483,0.559765815735,0.477121829987,0.0877311229706
arindam,4,9,0.0984859466553,0.183948040009,0.0854620933533,0.132607936859,0.0627639293671,-0.0698440074921,0.143960952759,0.333050012589,0.18908905983,0.0929811000824,0.237044095993,0.144062995911,0.0929658412933,0.411576986313,0.31861114502,0.107519865036,0.728249073029,0.620729207993,0.113795995712,0.0702137947083,-0.043582201004,0.138642072678,0.243103027344,0.104460954666,0.103096008301,0.198976993561,0.09588098526,0.0832180976868,1.55521798134,1.47199988365,0.108193159103
arindam,4,10,0.114707946777,0.129449129105,0.0147411823273,0.128135919571,0.0587430000305,-0.0693929195404,0.138505935669,0.27889585495,0.140389919281,0.102221012115,0.265064954758,0.162843942642,0.0987930297852,0.232979059219,0.134186029434,0.0992069244385,0.489063978195,0.389857053757,0.101834058762,0.0973961353302,-0.0044379234314,0.087858915329,0.232023000717,0.144164085388,0.0842599868774,0.12966799736,0.0454080104828,0.0940079689026,0.343430995941,0.249423027039,0.100767850876
arindam,4,11,0.107115030289,0.323074102402,0.215959072113,0.13523888588,0.0579228401184,-0.0773160457611,0.153676986694,0.217890977859,0.0642139911652,0.103251218796,0.595056056976,0.491804838181,0.0869750976562,0.394945144653,0.307970046997,0.0886688232422,0.532461881638,0.443793058395,0.0979471206665,0.0642950534821,-0.0336520671844,0.146458864212,0.232528924942,0.08607006073,0.107469081879,0.273571968079,0.1661028862,0.0870549678802,0.374293088913,0.287238121033,0.104434967041
arindam,4,12,0.106209993362,0.249074935913,0.142864942551,0.135670185089,0.0704641342163,-0.0652060508728,0.14364695549,0.225360870361,0.0817139148712,0.102915048599,0.311113119125,0.208198070526,0.0907318592072,0.242135047913,0.151403188705,0.0911128520966,0.49552488327,0.404412031174,0.0980350971222,0.0832769870758,-0.0147581100464,0.107434988022,0.198917150497,0.0914821624756,0.0901730060577,0.189394950867,0.099221944809,0.0890898704529,0.373894929886,0.284805059433,0.100507974625
arindam,4,13,0.0982019901276,0.203135967255,0.104933977127,0.157665967941,0.0880138874054,-0.0696520805359,0.148194074631,0.291949987411,0.143755912781,0.103733062744,0.310961961746,0.207228899002,0.103939056396,0.237856149673,0.133917093277,0.081503868103,0.517292976379,0.435789108276,0.0991439819336,0.0735709667206,-0.025573015213,0.121133089066,0.217977046967,0.096843957901,0.108810901642,0.213577985764,0.104767084122,0.0839939117432,0.644587039948,0.560593128204,0.107271909714
arindam,4,14,0.0967719554901,0.237493991852,0.140722036362,0.147225856781,0.0925319194794,-0.0546939373016,0.149219989777,0.242511034012,0.0932910442352,0.115808010101,0.243145942688,0.127337932587,0.104475021362,0.301770925522,0.19729590416,0.0931169986725,0.603180170059,0.510063171387,0.106384992599,0.0762138366699,-0.0301711559296,0.119292974472,0.502466201782,0.38317322731,0.0932149887085,0.172913789749,0.0796988010406,0.0931570529938,0.936501979828,0.843344926834,0.104146003723
arindam,4,15,0.101207017899,0.250173091888,0.14896607399,0.123469114304,0.0658988952637,-0.0575702190399,0.12518620491,0.331172227859,0.205986022949,0.123165845871,0.250295877457,0.127130031586,0.0987660884857,0.297893047333,0.199126958847,0.0879549980164,0.488703012466,0.40074801445,0.106152057648,0.0371060371399,-0.0690460205078,0.113040924072,0.214061021805,0.101020097733,0.0877509117126,0.223442792892,0.13569188118,0.0886981487274,0.457388162613,0.368690013885,0.0853729248047
arindam,4,16,0.100291967392,0.178040981293,0.0777490139008,0.156879901886,0.107715845108,-0.049164056778,0.138144016266,0.20908498764,0.0709409713745,0.103527069092,0.495339155197,0.391812086105,0.107512950897,0.20737695694,0.0998640060425,0.102129936218,0.526152849197,0.424022912979,0.104051113129,0.0989491939545,-0.00510191917419,0.0983688831329,0.239051818848,0.140682935715,0.0970602035522,0.207190990448,0.110130786896,0.0835070610046,0.430546998978,0.347039937973,0.117128133774
arindam,4,17,0.101848840714,0.253041982651,0.151193141937,0.15295290947,0.089243888855,-0.0637090206146,0.155426025391,0.206364154816,0.050938129425,0.0885767936707,0.251909971237,0.163333177567,0.0878238677979,0.257582902908,0.16975903511,0.0936651229858,0.51881814003,0.425153017044,0.101729869843,0.096608877182,-0.00512099266052,0.183094024658,0.154293060303,-0.0288009643555,0.143256902695,0.252022981644,0.108766078949,0.0883848667145,0.382858037949,0.294473171234,0.106876850128
arindam,4,18,0.11629986763,0.247246980667,0.130947113037,0.131577014923,0.0967319011688,-0.0348451137543,0.138648033142,0.273864984512,0.13521695137,0.101026058197,0.251772165298,0.150746107101,0.0871758460999,0.218106985092,0.130931138992,0.0972390174866,0.515586853027,0.418347835541,0.0996611118317,0.0943310260773,-0.00533008575439,0.149585008621,0.223243951797,0.0736589431763,0.1196641922,0.188640117645,0.0689759254456,0.093318939209,0.379944086075,0.286625146866,0.103547811508
arindam,4,19,0.117657899857,0.20380282402,0.0861449241638,0.156316995621,0.103274106979,-0.0530428886414,0.136477947235,0.221142053604,0.084664106369,0.109377861023,0.257722854614,0.148344993591,0.093239068985,0.233632087708,0.140393018723,0.0928061008453,0.476547002792,0.383740901947,0.103674888611,0.0928890705109,-0.0107858181,0.147943973541,0.229126930237,0.0811829566956,0.107558965683,0.257966041565,0.150407075882,0.0885128974915,0.394791841507,0.306278944016,0.104162216187
arindam,4,20,0.103517055511,0.286092042923,0.182574987411,0.177130937576,0.127336025238,-0.0497949123383,0.152997970581,0.208702087402,0.0557041168213,0.0999088287354,0.285186767578,0.185277938843,0.0987632274628,0.327519178391,0.228755950928,0.0891518592834,0.683364868164,0.594213008881,0.100876092911,0.105198144913,0.00432205200195,0.119213819504,0.313337802887,0.194123983383,0.0983350276947,0.357273101807,0.258938074112,0.0954120159149,0.87113404274,0.775722026825,0.0888628959656
arindam,4,21,0.0878159999847,1.12926316261,1.04144716263,0.12483382225,0.111011981964,-0.0138218402863,0.155277013779,0.378062009811,0.222784996033,0.118059873581,0.354870796204,0.236810922623,0.089592218399,0.238463163376,0.148870944977,0.0944359302521,0.482754945755,0.388319015503,0.107335090637,0.102436065674,-0.00489902496338,0.110980987549,0.248482942581,0.137501955032,0.0894329547882,0.194715976715,0.105283021927,0.0980069637299,0.746515989304,0.648509025574,0.101541996002
arindam,4,22,0.100761890411,0.782085895538,0.681324005127,0.167241096497,0.112780094147,-0.0544610023499,0.147923946381,0.635895013809,0.487971067429,0.107193946838,0.379750013351,0.272556066513,0.0941638946533,0.241611003876,0.147447109222,0.0936188697815,0.468271017075,0.374652147293,0.102929830551,0.124204874039,0.0212750434875,0.111676931381,0.217387914658,0.105710983276,0.103362083435,0.246320009232,0.142957925797,0.090353012085,0.402325153351,0.311972141266,0.113572835922
arindam,4,23,0.0999250411987,0.24227309227,0.142348051071,0.127368927002,0.0698249340057,-0.0575439929962,0.137907028198,0.862072944641,0.724165916443,0.0742619037628,0.539326906204,0.465065002441,0.0926530361176,0.326672077179,0.234019041061,0.0978829860687,0.536853075027,0.438970088959,0.0931179523468,0.11293387413,0.0198159217834,0.0980610847473,0.278244018555,0.180182933807,0.0956621170044,0.192031145096,0.0963690280914,0.0861577987671,0.581017971039,0.494860172272,0.107112884521
arindam,4,24,0.113170146942,0.252329111099,0.139158964157,0.131842851639,0.0782420635223,-0.0536007881165,0.153383970261,0.377452850342,0.224068880081,0.10285115242,0.231616973877,0.128765821457,0.0928931236267,0.272696018219,0.179802894592,0.0980610847473,0.497542142868,0.399481058121,0.0977449417114,0.0930428504944,-0.00470209121704,0.113059997559,0.312612056732,0.199552059174,0.0981891155243,0.177832126617,0.0796430110931,0.0888729095459,0.55956697464,0.470694065094,0.0933659076691
arindam,4,25,0.107700109482,0.375250101089,0.267549991608,0.150917053223,0.0912308692932,-0.0596861839294,0.161473035812,0.315896987915,0.154423952103,0.102825164795,0.295886993408,0.193061828613,0.093022108078,0.302747011185,0.209724903107,0.0927391052246,0.487336158752,0.394597053528,0.102983951569,0.0929379463196,-0.010046005249,0.113004922867,0.284424066544,0.171419143677,0.103009939194,0.311137914658,0.208127975464,0.0836970806122,0.648088932037,0.564391851425,0.0928430557251
arindam,5,1,0.0989329814911,0.401436805725,0.302503824234,0.128466129303,0.0438430309296,-0.0846230983734,0.207941055298,0.625188112259,0.417247056961,0.0932619571686,0.851302862167,0.758040904999,0.0938370227814,0.247272014618,0.153434991837,0.0938839912415,0.488826990128,0.394942998886,0.0989561080933,0.0840051174164,-0.0149509906769,0.118872880936,0.281800031662,0.162927150726,0.0966649055481,0.222012996674,0.125348091125,0.0888509750366,0.777537822723,0.688686847687,0.0952031612396
arindam,5,2,0.0972540378571,0.295783042908,0.198529005051,0.136939048767,0.0783569812775,-0.0585820674896,0.137077093124,0.292506933212,0.155429840088,0.097470998764,0.26612496376,0.168653964996,0.0889890193939,0.248565196991,0.159576177597,0.0933208465576,0.48307800293,0.389757156372,0.0982098579407,0.0622758865356,-0.035933971405,0.11750793457,0.228639125824,0.111131191254,0.108501911163,0.181649923325,0.0731480121613,0.0902280807495,0.716790914536,0.626562833786,0.100831031799
arindam,5,3,0.107776880264,0.259016036987,0.151239156723,0.14654302597,0.0678749084473,-0.0786681175232,0.173470973969,0.252631902695,0.0791609287262,0.0994560718536,0.276374101639,0.176918029785,0.103682994843,0.248029947281,0.144346952438,0.0883550643921,0.464563131332,0.37620806694,0.0961039066315,0.0815989971161,-0.0145049095154,0.132801055908,0.243013858795,0.110212802887,0.108335971832,0.212516069412,0.10418009758,0.0935621261597,0.557061910629,0.46349978447,0.103127002716
arindam,5,4,0.106914997101,0.270848989487,0.163933992386,0.148463010788,0.0790469646454,-0.0694160461426,0.127796888351,0.228941917419,0.101145029068,0.10734796524,0.21625995636,0.108911991119,0.107982158661,0.316509962082,0.208527803421,0.102145195007,0.527698040009,0.425552845001,0.122982025146,0.0832970142365,-0.03968501091,0.123227119446,0.214323997498,0.0910968780518,0.111551046371,0.206745147705,0.0951941013336,0.0852138996124,0.461339950562,0.376126050949,0.0890979766846
arindam,5,5,0.103189945221,0.412458896637,0.309268951416,0.160417079926,0.0825119018555,-0.0779051780701,0.152429103851,0.316900968552,0.1644718647,0.114107131958,0.241567134857,0.127460002899,0.103516101837,0.252856016159,0.149339914322,0.0996189117432,0.513043880463,0.413424968719,0.108574151993,0.113309144974,0.00473499298096,0.116981983185,0.256947994232,0.139966011047,0.108345031738,0.257838010788,0.14949297905,0.0944888591766,0.486757993698,0.392269134521,0.0978310108185
arindam,5,6,0.111850976944,0.236138820648,0.124287843704,0.148377180099,0.0691759586334,-0.0792012214661,0.158251047134,0.283335208893,0.125084161758,0.102144002914,0.231251955032,0.129107952118,0.103556871414,0.317124843597,0.213567972183,0.102865219116,0.55766916275,0.454803943634,0.0971808433533,0.0622358322144,-0.0349450111389,0.12912607193,0.229693174362,0.100567102432,0.116977930069,0.288269996643,0.171292066574,0.0776710510254,0.414999008179,0.337327957153,0.0977189540863
arindam,5,7,0.118221998215,0.231622934341,0.113400936127,0.15357208252,0.0854091644287,-0.0681629180908,0.172734975815,0.401486873627,0.228751897812,0.122169971466,0.27144908905,0.149279117584,0.113003015518,0.291996955872,0.178993940353,0.10854101181,0.542413949966,0.433872938156,0.112697124481,0.211719989777,0.0990228652954,0.113439083099,0.248099088669,0.134660005569,0.0929589271545,0.228940963745,0.135982036591,0.0979809761047,0.412199020386,0.314218044281,0.105852127075
arindam,5,8,0.111553907394,0.299130916595,0.187577009201,0.190689086914,0.131407976151,-0.0592811107635,0.166368961334,0.271646976471,0.105278015137,0.104938983917,0.227601051331,0.122662067413,0.102667093277,0.311846017838,0.209178924561,0.0976030826569,0.51756310463,0.419960021973,0.128433942795,0.0722708702087,-0.0561630725861,0.143777132034,0.218559026718,0.0747818946838,0.103389978409,0.244014024734,0.140624046326,0.0967938899994,0.424907922745,0.328114032745,0.108772039413
arindam,5,9,0.127191066742,0.29799413681,0.170803070068,0.161525011063,0.102079868317,-0.059445142746,0.148505210876,0.446967124939,0.298461914062,0.124770879745,0.212924003601,0.0881531238556,0.107271909714,0.36027598381,0.253004074097,0.0980479717255,0.502707004547,0.404659032822,0.107482910156,0.0521790981293,-0.055303812027,0.12464594841,0.248939990997,0.124294042587,0.108757972717,0.272948980331,0.164191007614,0.0880858898163,0.410712957382,0.322627067566,0.113286018372
arindam,5,10,0.125665903091,0.664294958115,0.538629055023,0.145656108856,0.12123298645,-0.024423122406,0.123802900314,0.427119016647,0.303316116333,0.108105897903,0.240979909897,0.132874011993,0.0782270431519,0.333716154099,0.255489110947,0.0871169567108,0.475967884064,0.388850927353,0.108333110809,0.103696107864,-0.00463700294495,0.122716903687,0.231664896011,0.108947992325,0.102471113205,0.204355955124,0.101884841919,0.0732569694519,0.386094093323,0.312837123871,0.0985391139984
arindam,5,11,0.103209972382,0.321487903595,0.218277931213,0.149630069733,0.118916034698,-0.0307140350342,0.137452840805,0.218488931656,0.0810360908508,0.108146905899,0.494550943375,0.386404037476,0.122982978821,0.338900089264,0.215917110443,0.106019020081,0.501489877701,0.39547085762,0.107851028442,0.113120079041,0.00526905059814,0.0969710350037,0.250476121902,0.153505086899,0.104851961136,0.199290990829,0.0944390296936,0.0829329490662,0.991510868073,0.908577919006,0.0977890491486
arindam,5,12,0.108622074127,0.253172874451,0.144550800323,0.133199214935,0.0934991836548,-0.0397000312805,0.152751922607,0.277230024338,0.12447810173,0.108905792236,0.227021932602,0.118116140366,0.133167982101,0.322665929794,0.189497947693,0.0882499217987,0.491863012314,0.403613090515,0.103076934814,0.0692980289459,-0.0337789058685,0.123471975327,0.179588079453,0.056116104126,0.110688924789,0.240760803223,0.130071878433,0.0843591690063,0.402405023575,0.318045854568,0.102400064468
arindam,5,13,0.106585025787,0.22850394249,0.121918916702,0.111062049866,0.146552085876,0.0354900360107,0.137825965881,0.213172912598,0.0753469467163,0.113953113556,0.21147108078,0.0975179672241,0.110075950623,0.35640001297,0.246324062347,0.0985450744629,0.465283870697,0.366738796234,0.0948212146759,0.061704158783,-0.0331170558929,0.136056900024,0.179776906967,0.0437200069427,0.126243114471,0.306110143661,0.17986702919,0.0889389514923,0.376570940018,0.287631988525,0.123534917831
arindam,5,14,0.108937978745,0.228796005249,0.119858026505,0.108896970749,0.0843329429626,-0.0245640277863,0.152623176575,0.287678003311,0.135054826736,0.117962121964,0.184229135513,0.0662670135498,0.110091924667,0.339527845383,0.229435920715,0.0879170894623,0.582470178604,0.494553089142,0.0964188575745,0.0875918865204,-0.00882697105408,0.136852025986,0.237703084946,0.10085105896,0.0992479324341,0.235894918442,0.136646986008,0.0805530548096,0.404357910156,0.323804855347,0.0930271148682
arindam,5,15,0.102120876312,0.226886987686,0.124766111374,0.121320962906,0.0963060855865,-0.0250148773193,0.135223865509,0.341002941132,0.205779075623,0.107319831848,0.25509095192,0.147771120071,0.0933179855347,0.283010959625,0.189692974091,0.0877821445465,0.526693105698,0.438910961151,0.0935640335083,0.0527589321136,-0.0408051013947,0.139313936234,0.224771022797,0.0854570865631,0.111134052277,0.281049966812,0.169915914536,0.0871601104736,0.437256097794,0.35009598732,0.108596801758
arindam,5,16,0.104707956314,0.255289793015,0.1505818367,0.146469116211,0.137526988983,-0.00894212722778,0.153093099594,0.23370718956,0.0806140899658,0.0967779159546,0.19610285759,0.0993249416351,0.108646154404,0.311727046967,0.203080892563,0.0937240123749,0.488059997559,0.394335985184,0.0979371070862,0.0583081245422,-0.0396289825439,0.140045881271,0.179019927979,0.0389740467072,0.121897935867,0.273300886154,0.151402950287,0.0923671722412,0.430474042892,0.338106870651,0.107444047928
arindam,5,17,0.103817939758,0.33366394043,0.229846000671,0.143006086349,0.10896396637,-0.0340421199799,0.182429075241,0.451925992966,0.269496917725,0.131731033325,0.225180149078,0.0934491157532,0.0932879447937,0.322618961334,0.229331016541,0.121258020401,0.467175960541,0.34591794014,0.106715917587,0.112524986267,0.00580906867981,0.141666889191,0.209932088852,0.0682651996613,0.121384859085,0.201858997345,0.0804741382599,0.089183807373,0.465728998184,0.376545190811,0.0927128791809
arindam,5,18,0.118130922318,0.232079982758,0.11394906044,0.133455038071,0.08291888237,-0.0505361557007,0.168385028839,0.298289060593,0.129904031754,0.105513095856,0.205543994904,0.100030899048,0.10981798172,0.327720165253,0.217902183533,0.0893669128418,0.482620954514,0.393254041672,0.108722925186,0.1043009758,-0.0044219493866,0.15761089325,0.401223897934,0.243613004684,0.0984079837799,0.257567167282,0.159159183502,0.0948529243469,1.01120877266,0.916355848312,0.0974712371826
arindam,5,19,0.109455108643,0.42347407341,0.314018964767,0.130130052567,0.0802788734436,-0.0498511791229,0.148905038834,0.308866024017,0.159960985184,0.103223085403,0.231193065643,0.12796998024,0.0873498916626,0.258606910706,0.171257019043,0.0920300483704,0.447443008423,0.355412960052,0.102519035339,0.0781960487366,-0.0243229866028,0.167244911194,0.261976957321,0.0947320461273,0.108888149261,0.242992162704,0.134104013443,0.0939438343048,0.463975906372,0.370032072067,0.115880966187
arindam,5,20,0.108856916428,0.277863025665,0.169006109238,0.122086048126,0.0964570045471,-0.0256290435791,0.163774013519,0.309689044952,0.145915031433,0.117649793625,0.216750860214,0.0991010665894,0.0983221530914,0.341401100159,0.243078947067,0.103502988815,0.528020858765,0.424517869949,0.10190320015,0.0923991203308,-0.00950407981873,0.151237010956,0.223587989807,0.0723509788513,0.117718935013,0.233300924301,0.115581989288,0.0985879898071,0.455356121063,0.356768131256,0.11337685585
arindam,5,21,0.102940797806,0.128159999847,0.0252192020416,0.137138843536,0.0710089206696,-0.0661299228668,0.156383037567,0.355781078339,0.199398040771,0.112914800644,0.211313962936,0.0983991622925,0.0948309898376,0.29694890976,0.202117919922,0.0881099700928,0.45779800415,0.369688034058,0.0976939201355,0.0594320297241,-0.0382618904114,0.126873970032,0.212686061859,0.0858120918274,0.108178853989,0.302433013916,0.194254159927,0.0967268943787,0.460754871368,0.36402797699,0.0983209609985
arindam,5,22,0.0989558696747,0.161857843399,0.0629019737244,0.134170055389,0.12922501564,-0.00494503974915,0.164541959763,0.263751029968,0.0992090702057,0.0987889766693,0.237648963928,0.138859987259,0.102056026459,0.395911931992,0.293855905533,0.0983572006226,0.487080097198,0.388722896576,0.112879991531,0.0826051235199,-0.0302748680115,0.128364801407,0.274530887604,0.146166086197,0.0864849090576,0.296247005463,0.209762096405,0.0875389575958,0.441121101379,0.353582143784,0.0927369594574
arindam,5,23,0.111970901489,0.469502925873,0.357532024384,0.133876085281,0.142668008804,0.00879192352295,0.178218126297,0.335689067841,0.157470941544,0.10561299324,0.268918991089,0.163305997849,0.0880010128021,0.287148952484,0.199147939682,0.0978059768677,0.516367912292,0.418561935425,0.114118099213,0.0877091884613,-0.0264089107513,0.134554862976,0.263919830322,0.129364967346,0.107795000076,0.243288993835,0.135493993759,0.0928580760956,0.68235707283,0.589498996735,0.100332021713
arindam,5,24,0.111332893372,0.609261989594,0.497929096222,0.127621889114,0.0923109054565,-0.0353109836578,0.162368059158,0.384051084518,0.22168302536,0.111373901367,0.230096817017,0.118722915649,0.0822451114655,0.30681014061,0.224565029144,0.0975360870361,0.461775064468,0.364238977432,0.107695817947,0.0983378887177,-0.00935792922974,0.128377914429,0.238338947296,0.109961032867,0.0985260009766,0.227676153183,0.129150152206,0.0838840007782,0.412926912308,0.32904291153,0.101923942566
arindam,5,25,0.120528936386,0.2622590065,0.141730070114,0.122740030289,0.108999967575,-0.0137400627136,0.158147096634,0.392282009125,0.234134912491,0.111796140671,0.255661964417,0.143865823746,0.0738229751587,0.396056175232,0.322233200073,0.0786888599396,0.440665006638,0.361976146698,0.100013971329,0.104668855667,0.00465488433838,0.133738040924,0.287665128708,0.153927087784,0.0941369533539,0.26774096489,0.173604011536,0.0838499069214,0.594629049301,0.51077914238,0.112805843353
arindam,6,1,0.118365049362,0.221558094025,0.103193044662,0.10561299324,0.0646908283234,-0.040922164917,0.148435115814,0.327929973602,0.179494857788,0.0979611873627,0.564403057098,0.466441869736,0.101370096207,0.28403711319,0.182667016983,0.0866348743439,0.435741901398,0.349107027054,0.0875580310822,0.0581021308899,-0.0294559001923,0.119050979614,0.221974849701,0.102923870087,0.0950291156769,0.195158004761,0.100128889084,0.078770160675,0.39358997345,0.314819812775,0.100645065308
arindam,6,2,0.108090162277,0.212912082672,0.104821920395,0.128000974655,0.108355998993,-0.0196449756622,0.143655061722,0.248747110367,0.105092048645,0.0981450080872,0.265933036804,0.167788028717,0.0938727855682,0.212861776352,0.118988990784,0.0940182209015,0.4780189991,0.384000778198,0.0968232154846,0.0748591423035,-0.0219640731812,0.136051893234,0.216458082199,0.0804061889648,0.118640899658,0.208612918854,0.0899720191956,0.0906159877777,0.406308889389,0.315692901611,0.0941910743713
arindam,6,3,0.107300043106,0.228541851044,0.121241807938,0.115260124207,0.108580112457,-0.00668001174927,0.14328789711,0.226622104645,0.0833342075348,0.103165864944,0.27158498764,0.168419122696,0.107435941696,0.367141962051,0.259706020355,0.0925419330597,0.477323055267,0.384781122208,0.102308988571,0.0939218997955,-0.00838708877563,0.128129005432,0.227946043015,0.0998170375824,0.0971789360046,0.272513866425,0.17533493042,0.108556985855,0.629076004028,0.520519018173,0.118245124817
arindam,6,4,0.107372999191,0.232326030731,0.12495303154,0.122627973557,0.103092908859,-0.0195350646973,0.148240089417,0.263433933258,0.115193843842,0.0983679294586,0.19620513916,0.0978372097015,0.104228973389,0.471388816833,0.367159843445,0.0883400440216,0.60122013092,0.512880086899,0.100828886032,0.0963449478149,-0.00448393821716,0.129138946533,0.239306926727,0.110167980194,0.118436098099,0.2440969944,0.125660896301,0.0788040161133,0.391175031662,0.312371015549,0.0926580429077
arindam,6,5,0.103147029877,0.227977991104,0.124830961227,0.147909879684,0.109051942825,-0.0388579368591,0.147799015045,0.221930027008,0.0741310119629,0.100242853165,0.217985868454,0.117743015289,0.102435112,0.315888166428,0.213453054428,0.108114004135,0.573426961899,0.465312957764,0.0965309143066,0.10636806488,0.00983715057373,0.148123979568,0.243614912033,0.0954909324646,0.108453989029,0.213787078857,0.105333089828,0.0873939990997,0.424329996109,0.336935997009,0.103489875793
arindam,6,6,0.119742870331,0.197780847549,0.0780379772186,0.149418115616,0.131028175354,-0.0183899402618,0.170651912689,0.246487855911,0.075835943222,0.10267996788,0.201410055161,0.0987300872803,0.123214960098,0.381787061691,0.258572101593,0.104353904724,0.467060804367,0.362706899643,0.102328062057,0.0792820453644,-0.0230460166931,0.137959957123,0.222169160843,0.0842092037201,0.118764877319,0.203887939453,0.0851230621338,0.0997159481049,0.560373067856,0.460657119751,0.102799892426
arindam,6,7,0.128479957581,0.143263816833,0.0147838592529,0.173166036606,0.143622159958,-0.0295438766479,0.167979955673,0.277673006058,0.109693050385,0.103601932526,0.25190782547,0.148305892944,0.102703094482,0.297857999802,0.195154905319,0.0922470092773,0.480814218521,0.388567209244,0.103511810303,0.0794129371643,-0.0240988731384,0.139272928238,0.219758033752,0.0804851055145,0.12139582634,0.290364027023,0.168968200684,0.0987927913666,0.406069993973,0.307277202606,0.113116979599
arindam,6,8,0.109775066376,0.239720106125,0.129945039749,0.143383026123,0.10484790802,-0.038535118103,0.162869215012,0.183264017105,0.0203948020935,0.0986471176147,0.211675167084,0.113028049469,0.11331987381,0.28257894516,0.16925907135,0.0765569210052,0.532876968384,0.456320047379,0.0964450836182,0.0525279045105,-0.0439171791077,0.143565177917,0.227884054184,0.0843188762665,0.124674081802,0.219027996063,0.0943539142609,0.072478055954,0.42137503624,0.348896980286,0.0828061103821
arindam,6,9,0.117069005966,0.132627010345,0.0155580043793,0.149170160294,0.118963003159,-0.030207157135,0.173057079315,0.273430109024,0.100373029709,0.11795091629,0.246175050735,0.128224134445,0.101367950439,0.237993001938,0.136625051498,0.0881748199463,0.591130971909,0.502956151962,0.123303890228,0.107367038727,-0.0159368515015,0.148758888245,0.23393702507,0.0851781368256,0.133205890656,0.28685092926,0.153645038605,0.0885398387909,0.475730895996,0.387191057205,0.105646133423
arindam,6,10,0.113484859467,0.25766992569,0.144185066223,0.132243871689,0.067990064621,-0.0642538070679,0.147931814194,0.226816892624,0.0788850784302,0.105576992035,0.54504108429,0.439464092255,0.0888290405273,0.273177862167,0.18434882164,0.0829911231995,0.467311143875,0.384320020676,0.102349996567,0.08864402771,-0.0137059688568,0.177953958511,0.311994791031,0.13404083252,0.108355045319,0.250079154968,0.14172410965,0.0858108997345,0.603209972382,0.517399072647,0.102308034897
arindam,6,11,0.109032154083,0.481096982956,0.372064828873,0.112143993378,0.0789380073547,-0.0332059860229,0.17653799057,0.425215005875,0.248677015305,0.113979101181,1.12399506569,1.01001596451,0.107193946838,0.233058929443,0.125864982605,0.0987720489502,0.707916021347,0.609143972397,0.103409051895,0.0593159198761,-0.044093132019,0.137986183167,0.198016166687,0.0600299835205,0.110235929489,0.227550983429,0.11731505394,0.07488489151,0.565562009811,0.490677118301,0.113502979279
arindam,6,12,0.118036031723,0.17843914032,0.0604031085968,0.0984089374542,0.0399188995361,-0.0584900379181,0.148042917252,0.562386989594,0.414344072342,0.0974991321564,0.326215982437,0.228716850281,0.0770180225372,0.55439209938,0.477374076843,0.0893769264221,1.43145489693,1.3420779705,0.0909569263458,0.0184600353241,-0.0724968910217,0.141705036163,0.259324073792,0.117619037628,0.103104829788,0.317723035812,0.214618206024,0.0730838775635,0.407155990601,0.334072113037,0.0812039375305
arindam,6,13,0.103419065475,0.182863950729,0.0794448852539,0.107961893082,0.039598941803,-0.0683629512787,0.162029027939,0.278324127197,0.116295099258,0.0957779884338,0.222448825836,0.126670837402,0.103033065796,0.270532131195,0.167499065399,0.0884258747101,0.671020030975,0.582594156265,0.0999138355255,0.0340888500214,-0.0658249855042,0.154155015945,0.210864067078,0.0567090511322,0.111314058304,0.251677036285,0.140362977982,0.0730719566345,0.401357889175,0.328285932541,0.108483076096
arindam,6,14,0.108974933624,0.137706041336,0.0287311077118,0.143644809723,0.104292869568,-0.039351940155,0.157740116119,0.318557024002,0.160816907883,0.0923728942871,0.210874080658,0.118501186371,0.0937349796295,0.252707958221,0.158972978592,0.0888450145721,0.526746034622,0.43790102005,0.0882430076599,0.0287530422211,-0.0594899654388,0.153273820877,0.213498830795,0.0602250099182,0.108461141586,0.272456169128,0.163995027542,0.0959029197693,0.373634815216,0.277731895447,0.0914130210876
arindam,6,15,0.0842831134796,0.133905172348,0.0496220588684,0.123166799545,0.0694968700409,-0.0536699295044,0.142812013626,0.283268928528,0.140456914902,0.0897300243378,0.587328195572,0.497598171234,0.0939879417419,0.337772846222,0.24378490448,0.0930910110474,0.446465969086,0.353374958038,0.0833990573883,0.0640490055084,-0.0193500518799,0.168449163437,0.223653078079,0.0552039146423,0.108042001724,0.316374063492,0.208332061768,0.0789549350739,0.361507892609,0.282552957535,0.088742017746
arindam,6,16,0.0980131626129,0.173274040222,0.0752608776093,0.12819814682,0.0785751342773,-0.0496230125427,0.133515834808,0.24348783493,0.109972000122,0.122843980789,0.301126003265,0.178282022476,0.0939340591431,0.284425973892,0.190491914749,0.0970461368561,0.476162195206,0.37911605835,0.0827608108521,0.0484049320221,-0.03435587883,0.162261009216,0.197658061981,0.0353970527649,0.11386179924,0.21374797821,0.0998861789703,0.0840129852295,0.396425008774,0.312412023544,0.108515977859
arindam,6,17,0.112439870834,0.153079032898,0.0406391620636,0.142571926117,0.0883529186249,-0.0542190074921,0.178306102753,0.257513999939,0.0792078971863,0.10372209549,0.233547925949,0.12982583046,0.0975301265717,0.331300973892,0.233770847321,0.103193998337,0.506270170212,0.403076171875,0.103310823441,0.0641489028931,-0.0391619205475,0.167518138885,0.23258805275,0.0650699138641,0.108608961105,0.203131914139,0.0945229530334,0.0838420391083,0.371761083603,0.287919044495,0.103512048721
arindam,6,18,0.108282089233,0.197941064835,0.0896589756012,0.123600006104,0.054230928421,-0.0693690776825,0.198587179184,0.283169031143,0.0845818519592,0.103490114212,0.385186195374,0.281696081161,0.0986859798431,0.268955945969,0.170269966125,0.089565038681,0.490620851517,0.401055812836,0.107801198959,0.0737860202789,-0.0340151786804,0.14849114418,0.242382049561,0.0938909053802,0.113721132278,0.183715105057,0.0699939727783,0.0938110351562,0.367645025253,0.273833990097,0.102990865707
arindam,6,19,0.10308098793,0.188025951385,0.0849449634552,0.143292188644,0.0790419578552,-0.0642502307892,0.14816904068,0.223211050034,0.0750420093536,0.0983500480652,0.216997146606,0.118647098541,0.108814001083,0.278245925903,0.16943192482,0.0931310653687,0.45130610466,0.358175039291,0.103419780731,0.0640048980713,-0.0394148826599,0.138598918915,0.218199014664,0.0796000957489,0.103728055954,0.26814699173,0.164418935776,0.0844030380249,0.455158948898,0.370755910873,0.099044084549
arindam,6,20,0.103965997696,0.158783912659,0.0548179149628,0.128679037094,0.0741770267487,-0.0545020103455,0.162887096405,0.302733182907,0.139846086502,0.103835821152,0.226974964142,0.12313914299,0.108481884003,0.312107801437,0.203625917435,0.0943830013275,0.45885515213,0.364472150803,0.0916259288788,0.0678958892822,-0.0237300395966,0.160587072372,0.238321065903,0.0777339935303,0.117598056793,0.211757898331,0.0941598415375,0.0936741828918,0.337377071381,0.243702888489,0.124614953995
arindam,6,21,0.100771903992,0.14804983139,0.0472779273987,0.113408088684,0.0441310405731,-0.069277048111,0.170269966125,0.298522949219,0.128252983093,0.123450040817,0.273411035538,0.14996099472,0.106308937073,0.329836130142,0.223527193069,0.0935838222504,0.506510019302,0.412926197052,0.098160982132,0.0785789489746,-0.0195820331573,0.113481044769,0.233193874359,0.11971282959,0.108333110809,0.222751140594,0.114418029785,0.093827009201,0.639220952988,0.545393943787,0.098484992981
arindam,6,22,0.10341501236,0.193341016769,0.0899260044098,0.10849404335,0.0441570281982,-0.064337015152,0.163749933243,0.292960882187,0.129210948944,0.113681077957,0.236473083496,0.122792005539,0.0997231006622,0.25001001358,0.150286912918,0.0974340438843,0.490105867386,0.392671823502,0.0957272052765,0.0532660484314,-0.0424611568451,0.146511077881,0.244318962097,0.0978078842163,0.113853216171,0.231952190399,0.118098974228,0.0838849544525,0.480482816696,0.396597862244,0.09880900383
arindam,6,23,0.118078947067,0.163187980652,0.0451090335846,0.143492937088,0.0790190696716,-0.0644738674164,0.143563985825,0.362276077271,0.218712091446,0.103417873383,0.380603790283,0.277185916901,0.114300012589,0.485886096954,0.371586084366,0.113815069199,0.669898986816,0.556083917618,0.093640089035,0.0691499710083,-0.0244901180267,0.138314962387,0.277567148209,0.139252185822,0.0870289802551,0.243113994598,0.156085014343,0.0939619541168,0.608994007111,0.515032052994,0.113315820694
arindam,6,24,0.116954088211,0.207674026489,0.0907199382782,0.0937399864197,0.0235729217529,-0.0701670646667,0.14888215065,0.337228059769,0.188345909119,0.103044986725,0.286257982254,0.183212995529,0.102918148041,0.267137050629,0.164218902588,0.0886709690094,0.488601922989,0.399930953979,0.0973560810089,0.0529110431671,-0.0444450378418,0.118119955063,0.252346992493,0.13422703743,0.0939280986786,0.242555141449,0.14862704277,0.0890769958496,1.13478302956,1.04570603371,0.104427814484
arindam,6,25,0.107049942017,0.17967581749,0.072625875473,0.129711151123,0.0764501094818,-0.0532610416412,0.125830888748,0.359503984451,0.233673095703,0.0884470939636,0.217022895813,0.128575801849,0.122778177261,0.643883228302,0.521105051041,0.0888669490814,0.561157941818,0.472290992737,0.0892679691315,0.0793900489807,-0.00987792015076,0.118218898773,0.282473802567,0.164254903793,0.0878591537476,0.21275806427,0.124898910522,0.103869915009,0.644057035446,0.540187120438,0.088408946991
